type_habits,prix,adresse,image_lien
T-shirt Jules,6500.0,"location_onNgor, Dakar, Sénégal",https://images.coinafrique.com/thumb_5167839_uploaded_image1_1738613049.jpg
Dialabé  homme,10000.0,"location_onFass, Dakar, Sénégal",https://images.coinafrique.com/thumb_5181202_uploaded_image1_1739296896.jpg
Djellaba,12000.0,"location_onAlmadies 2, Dakar, Sénégal",https://images.coinafrique.com/thumb_5198746_uploaded_image1_1740258870.jpg
Chaussures homme,20000.0,"location_onFass, Dakar, Sénégal",https://images.coinafrique.com/thumb_5179614_uploaded_image1_1739215765.jpg
Blouson homme avec capuche,,"location_onParcelle Assainies, Dakar, Sénégal",https://images.coinafrique.com/thumb_5198094_uploaded_image1_1740224914.jpg
Abaya homme,7500.0,"location_onSacré-Coeur, Dakar, Sénégal",https://images.coinafrique.com/thumb_5197736_uploaded_image1_1740211862.jpg
Djialabé,12000.0,"location_onParcelle Assainies, Dakar, Sénégal",https://images.coinafrique.com/thumb_5196625_uploaded_image1_1740145369.jpg
Diokîn pour homme,27000.0,"location_onFass, Dakar, Sénégal",https://images.coinafrique.com/thumb_5182298_uploaded_image1_1739364640.jpg
Pull pour homme,12500.0,"location_onFass, Dakar, Sénégal",https://images.coinafrique.com/thumb_5186517_uploaded_image1_1739580333.jpg
Djialabé,7000.0,"location_onMedina, Dakar, Sénégal",https://images.coinafrique.com/thumb_5195658_uploaded_image1_1740079988.jpg
Jogging en coton,8000.0,"location_onMamelles, Dakar, Sénégal",https://images.coinafrique.com/thumb_5151233_uploaded_image1_1737722780.jpg
Pulls collant,5000.0,"location_onParcelle Assainies, Dakar, Sénégal",https://images.coinafrique.com/thumb_5193321_uploaded_image1_1739977517.jpg
Vêtement homme,9500.0,"location_onParcelle Assainies, Dakar, Sénégal",https://images.coinafrique.com/thumb_5192223_uploaded_image1_1739913574.jpg
Jogging,3000.0,"location_onDakar Plateau, Dakar, Sénégal",https://images.coinafrique.com/thumb_5190565_uploaded_image1_1739835602.jpg
Djellaba pour homme,15000.0,"location_onFass, Dakar, Sénégal",https://images.coinafrique.com/thumb_5141181_uploaded_image1_1737203810.jpg
Costume,55000.0,"location_onDakar, Sénégal",https://images.coinafrique.com/thumb_5186410_uploaded_image1_1739572880.jpg
Boubous homme,850000.0,"location_onGrand Yoff, Dakar, Sénégal",https://images.coinafrique.com/thumb_5186335_uploaded_image1_1739567861.jpg
Pantalon  homme,40000.0,"location_onNgor, Dakar, Sénégal",https://images.coinafrique.com/thumb_5184663_uploaded_image1_1739469851.jpg
Vêtements homme,12000.0,"location_onParcelle Assainies, Dakar, Sénégal",https://images.coinafrique.com/thumb_5184001_uploaded_image1_1739445536.jpg
Chaussures homme,25000.0,"location_onDakar, Sénégal",https://images.coinafrique.com/thumb_5182989_uploaded_image1_1739389601.jpg
Sous-vêtements,12500.0,"location_onFass, Dakar, Sénégal",https://images.coinafrique.com/thumb_5135693_uploaded_image1_1736930542.jpg
Dialabe,12000.0,"location_onDakar, Sénégal",https://images.coinafrique.com/thumb_5181605_uploaded_image1_1739313945.jpg
Chemise homme,15000.0,"location_onMermoz-Sacré Coeur, Dakar, Sénégal",https://images.coinafrique.com/thumb_5181581_uploaded_image1_1739311519.jpg
Polo Boss,4000.0,"location_onGrand Yoff, Dakar, Sénégal",https://images.coinafrique.com/thumb_5180647_uploaded_image1_1739276033.jpg
Pull Over,8000.0,"location_onParcelle Assainies, Dakar, Sénégal",https://images.coinafrique.com/thumb_5179844_uploaded_image1_1739225129.jpg
Lot de 3 débardeur,5000.0,"location_onDakar Plateau, Dakar, Sénégal",https://images.coinafrique.com/thumb_5130429_uploaded_image1_1736616495.jpg
Débardeur en coton,5000.0,"location_onDakar Plateau, Dakar, Sénégal",https://images.coinafrique.com/thumb_5134851_uploaded_image1_1736879211.jpg
Lot de 3 débardeur,3000.0,"location_onDakar Plateau, Dakar, Sénégal",https://images.coinafrique.com/thumb_5141405_uploaded_image1_1737216366.jpg
T-shirts,5000.0,"location_onDieuppeul-Derklé, Dakar, Sénégal",https://images.coinafrique.com/thumb_5176044_uploaded_image1_1739005206.jpg
Vetement homme,5000.0,"location_onFass, Dakar, Sénégal",https://images.coinafrique.com/thumb_5127469_uploaded_image1_1736445621.jpg
Chemise homme,15000.0,"location_onFass, Dakar, Sénégal",https://images.coinafrique.com/thumb_5127408_uploaded_image1_1736443373.jpg
Lacoste homme,5000.0,"location_onDakar, Sénégal",https://images.coinafrique.com/thumb_5171118_uploaded_image1_1738755635.jpg
Ensemble Nike Tech Fleece,40000.0,"location_onGrand Dakar, Dakar, Sénégal",https://images.coinafrique.com/thumb_5168364_uploaded_image1_1738628825.jpg
Vetements homme,15000.0,"location_onFass, Dakar, Sénégal",https://images.coinafrique.com/thumb_5119513_uploaded_image1_1736026950.jpg
Chemises El-Hadji,18000.0,"location_onDakar Plateau, Dakar, Sénégal",https://images.coinafrique.com/thumb_5119265_uploaded_image1_1736012510.jpg
Chemise el hadji,10000.0,"location_onDakar Plateau, Dakar, Sénégal",https://images.coinafrique.com/thumb_5119693_uploaded_image1_1736044548.jpg
Ensemble blouson,20000.0,"location_onDakar, Sénégal",https://images.coinafrique.com/thumb_5166796_uploaded_image1_1738580809.jpg
Ensemble homme,17000.0,"location_onDakar Plateau, Dakar, Sénégal",https://images.coinafrique.com/thumb_5166739_uploaded_image1_1738579217.jpg
Ensemble homme,17000.0,"location_onDakar Plateau, Dakar, Sénégal",https://images.coinafrique.com/thumb_5166733_uploaded_image1_1738579033.jpg
Ensemble homme,32500.0,"location_onDakar Plateau, Dakar, Sénégal",https://images.coinafrique.com/thumb_5166726_uploaded_image1_1738578838.jpg
Vêtements homme,10000.0,"location_onGrand Yoff, Dakar, Sénégal",https://images.coinafrique.com/thumb_5165738_uploaded_image2_1738518505.jpeg
Pantalon,14000.0,"location_onColobane, Dakar, Sénégal",https://images.coinafrique.com/thumb_5165652_uploaded_image1_1738513597.jpg
Vêtements homme,7500.0,"location_onDakar, Sénégal",https://images.coinafrique.com/thumb_5165562_uploaded_image1_1738508823.jpg
Vêtements homme,7500.0,"location_onDakar, Sénégal",https://images.coinafrique.com/thumb_5165560_uploaded_image1_1738508708.jpg
Vêtements homme,7500.0,"location_onDakar, Sénégal",https://images.coinafrique.com/thumb_5165558_uploaded_image1_1738508550.jpg
Vêtements homme,7500.0,"location_onDakar, Sénégal",https://images.coinafrique.com/thumb_5165554_uploaded_image1_1738508381.jpg
Ensemble homme,20000.0,"location_onColobane, Dakar, Sénégal",https://images.coinafrique.com/thumb_5116407_uploaded_image1_1735847542.jpg
Ensemble 3 Pièces,30000.0,"location_onHLM, Dakar, Sénégal",https://images.coinafrique.com/thumb_5160811_uploaded_image1_1738241510.jpg
Jogging coton homme,7000.0,"location_onDakar, Sénégal",https://images.coinafrique.com/thumb_5159405_uploaded_image1_1738166663.jpg
Jogging coton bas large,7000.0,"location_onDakar, Sénégal",https://images.coinafrique.com/thumb_5159399_uploaded_image1_1738166591.jpg
Lot de caleçons,10000.0,"location_onSicap Liberté, Dakar, Sénégal",https://images.coinafrique.com/thumb_5156588_uploaded_image1_1738049517.jpg
Chemises homme en coton,10000.0,"location_onSicap Liberté, Dakar, Sénégal",https://images.coinafrique.com/thumb_5156585_uploaded_image1_1738049440.jpg
Jean Celio,10000.0,"location_onSicap Liberté, Dakar, Sénégal",https://images.coinafrique.com/thumb_5156025_uploaded_image1_1738009610.jpg
Ensemble homme,8000.0,"location_onDakar, Sénégal",https://images.coinafrique.com/thumb_5155643_uploaded_image1_1737994709.jpg
Vêtements homme,7500.0,"location_onKaolack, Sénégal",https://images.coinafrique.com/thumb_5155250_uploaded_image1_1737982432.jpg
Costume africain,40000.0,"location_onMbao, Dakar, Sénégal",https://images.coinafrique.com/thumb_5155092_uploaded_image2_1737976206.jpeg
Vêtements homme,13000.0,"location_onDakar Plateau, Dakar, Sénégal",https://images.coinafrique.com/thumb_5154164_uploaded_image1_1737913900.jpg
Vêtements homme,,"location_onDakar Plateau, Dakar, Sénégal",https://images.coinafrique.com/thumb_5154161_uploaded_image1_1737913840.jpg
Vêtements homme,,"location_onDakar Plateau, Dakar, Sénégal",https://images.coinafrique.com/thumb_5154157_uploaded_image2_1737913775.jpeg
Vêtements homme,,"location_onDakar Plateau, Dakar, Sénégal",https://images.coinafrique.com/thumb_5154154_uploaded_image1_1737913707.jpg
Vêtements homme,,"location_onDakar Plateau, Dakar, Sénégal",https://images.coinafrique.com/thumb_5154152_uploaded_image1_1737913645.jpg
Pulls,11000.0,"location_onGrand Yoff, Dakar, Sénégal",https://images.coinafrique.com/thumb_5149969_uploaded_image1_1737655503.jpg
T-shirt,8000.0,"location_onGrand Yoff, Dakar, Sénégal",https://images.coinafrique.com/thumb_5149957_uploaded_image1_1737655158.jpg
Dialabé homme,10000.0,"location_onDakar, Sénégal",https://images.coinafrique.com/thumb_5149891_uploaded_image1_1737653080.jpg
Djialabé,12000.0,"location_onPikine, Sénégal",https://images.coinafrique.com/thumb_5147857_uploaded_image1_1737561601.jpg
Djialap pour homme,10000.0,"location_onColobane, Dakar, Sénégal",https://images.coinafrique.com/thumb_5104607_uploaded_image1_1734974719.jpg
Djalaba pour homme,10000.0,"location_onColobane, Dakar, Sénégal",https://images.coinafrique.com/thumb_5105336_uploaded_image1_1735030845.jpg
Pull unique,8500.0,"location_onMedina, Dakar, Sénégal",https://images.coinafrique.com/thumb_5147705_uploaded_image1_1737556553.jpg
Pull unique,8500.0,"location_onMedina, Dakar, Sénégal",https://images.coinafrique.com/thumb_5147699_uploaded_image1_1737556424.jpg
Costume africain,30000.0,"location_onNgor, Dakar, Sénégal",https://images.coinafrique.com/thumb_5145144_uploaded_image1_1737451281.jpg
Ensembles blouson,10000.0,"location_onDieuppeul-Derklé, Dakar, Sénégal",https://images.coinafrique.com/thumb_5139741_uploaded_image1_1737118803.jpg
Custume africain,30000.0,"location_onHann Bel-Air, Dakar, Sénégal",https://images.coinafrique.com/thumb_5138792_uploaded_image1_1737058114.jpg
Vêtements homme,30000.0,"location_onGrand Yoff, Dakar, Sénégal",https://images.coinafrique.com/thumb_5137131_uploaded_image1_1736980238.jpg
Ensemble homme,15000.0,"location_onColobane, Dakar, Sénégal",https://images.coinafrique.com/thumb_5101945_uploaded_image1_1734782082.jpg
Ensemble sous-vêtements et caleçon,2000.0,"location_onColobane, Dakar, Sénégal",https://images.coinafrique.com/thumb_5133103_uploaded_image1_1736792637.jpg
Chemise homme,10000.0,"location_onParcelle Assainies, Dakar, Sénégal",https://images.coinafrique.com/thumb_5131485_uploaded_image1_1736700008.jpg
Vêtements homme,6000.0,"location_onGuediawaye, Dakar, Sénégal",https://images.coinafrique.com/thumb_5131126_uploaded_image1_1736678817.jpg
Bas large homme,7000.0,"location_onDakar, Sénégal",https://images.coinafrique.com/thumb_5131117_uploaded_image1_1736677702.jpg
Jalabe,25000.0,"location_onDakar Plateau, Dakar, Sénégal",https://images.coinafrique.com/thumb_5130694_uploaded_image1_1736629706.jpg
T-shirt,6000.0,"location_onColobane, Dakar, Sénégal",https://images.coinafrique.com/thumb_5130442_uploaded_image1_1736617115.jpg
Ensemble short et t-shirt,5000.0,"location_onKeur Massar, Sénégal",https://images.coinafrique.com/thumb_5129420_uploaded_image1_1736548677.jpg
Ensemble pull,10000.0,"location_onGuediawaye, Dakar, Sénégal",https://images.coinafrique.com/thumb_5129006_uploaded_image1_1736528645.jpg
Jalaba homme,15000.0,"location_onDakar, Sénégal",https://images.coinafrique.com/thumb_5126818_uploaded_image1_1736423423.jpg
Costumes homme,50000.0,"location_onGuediawaye, Dakar, Sénégal",https://images.coinafrique.com/thumb_5126225_uploaded_image1_1736384138.jpg
T-shirt Jules,6500.0,"location_onNgor, Dakar, Sénégal",https://images.coinafrique.com/thumb_5167839_uploaded_image1_1738613049.jpg
Dialabé  homme,10000.0,"location_onFass, Dakar, Sénégal",https://images.coinafrique.com/thumb_5181202_uploaded_image1_1739296896.jpg
Djellaba,12000.0,"location_onAlmadies 2, Dakar, Sénégal",https://images.coinafrique.com/thumb_5198746_uploaded_image1_1740258870.jpg
Chaussures homme,20000.0,"location_onFass, Dakar, Sénégal",https://images.coinafrique.com/thumb_5179614_uploaded_image1_1739215765.jpg
Blouson homme avec capuche,,"location_onParcelle Assainies, Dakar, Sénégal",https://images.coinafrique.com/thumb_5198094_uploaded_image1_1740224914.jpg
Abaya homme,7500.0,"location_onSacré-Coeur, Dakar, Sénégal",https://images.coinafrique.com/thumb_5197736_uploaded_image1_1740211862.jpg
Djialabé,12000.0,"location_onParcelle Assainies, Dakar, Sénégal",https://images.coinafrique.com/thumb_5196625_uploaded_image1_1740145369.jpg
Diokîn pour homme,27000.0,"location_onFass, Dakar, Sénégal",https://images.coinafrique.com/thumb_5182298_uploaded_image1_1739364640.jpg
Pull pour homme,12500.0,"location_onFass, Dakar, Sénégal",https://images.coinafrique.com/thumb_5186517_uploaded_image1_1739580333.jpg
Djialabé,7000.0,"location_onMedina, Dakar, Sénégal",https://images.coinafrique.com/thumb_5195658_uploaded_image1_1740079988.jpg
Jogging en coton,8000.0,"location_onMamelles, Dakar, Sénégal",https://images.coinafrique.com/thumb_5151233_uploaded_image1_1737722780.jpg
Pulls collant,5000.0,"location_onParcelle Assainies, Dakar, Sénégal",https://images.coinafrique.com/thumb_5193321_uploaded_image1_1739977517.jpg
Vêtement homme,9500.0,"location_onParcelle Assainies, Dakar, Sénégal",https://images.coinafrique.com/thumb_5192223_uploaded_image1_1739913574.jpg
Jogging,3000.0,"location_onDakar Plateau, Dakar, Sénégal",https://images.coinafrique.com/thumb_5190565_uploaded_image1_1739835602.jpg
Djellaba pour homme,15000.0,"location_onFass, Dakar, Sénégal",https://images.coinafrique.com/thumb_5141181_uploaded_image1_1737203810.jpg
Costume,55000.0,"location_onDakar, Sénégal",https://images.coinafrique.com/thumb_5186410_uploaded_image1_1739572880.jpg
Boubous homme,850000.0,"location_onGrand Yoff, Dakar, Sénégal",https://images.coinafrique.com/thumb_5186335_uploaded_image1_1739567861.jpg
Pantalon  homme,40000.0,"location_onNgor, Dakar, Sénégal",https://images.coinafrique.com/thumb_5184663_uploaded_image1_1739469851.jpg
Vêtements homme,12000.0,"location_onParcelle Assainies, Dakar, Sénégal",https://images.coinafrique.com/thumb_5184001_uploaded_image1_1739445536.jpg
Chaussures homme,25000.0,"location_onDakar, Sénégal",https://images.coinafrique.com/thumb_5182989_uploaded_image1_1739389601.jpg
Sous-vêtements,12500.0,"location_onFass, Dakar, Sénégal",https://images.coinafrique.com/thumb_5135693_uploaded_image1_1736930542.jpg
Dialabe,12000.0,"location_onDakar, Sénégal",https://images.coinafrique.com/thumb_5181605_uploaded_image1_1739313945.jpg
Chemise homme,15000.0,"location_onMermoz-Sacré Coeur, Dakar, Sénégal",https://images.coinafrique.com/thumb_5181581_uploaded_image1_1739311519.jpg
Polo Boss,4000.0,"location_onGrand Yoff, Dakar, Sénégal",https://images.coinafrique.com/thumb_5180647_uploaded_image1_1739276033.jpg
Pull Over,8000.0,"location_onParcelle Assainies, Dakar, Sénégal",https://images.coinafrique.com/thumb_5179844_uploaded_image1_1739225129.jpg
Lot de 3 débardeur,5000.0,"location_onDakar Plateau, Dakar, Sénégal",https://images.coinafrique.com/thumb_5130429_uploaded_image1_1736616495.jpg
Débardeur en coton,5000.0,"location_onDakar Plateau, Dakar, Sénégal",https://images.coinafrique.com/thumb_5134851_uploaded_image1_1736879211.jpg
Lot de 3 débardeur,3000.0,"location_onDakar Plateau, Dakar, Sénégal",https://images.coinafrique.com/thumb_5141405_uploaded_image1_1737216366.jpg
T-shirts,5000.0,"location_onDieuppeul-Derklé, Dakar, Sénégal",https://images.coinafrique.com/thumb_5176044_uploaded_image1_1739005206.jpg
Vetement homme,5000.0,"location_onFass, Dakar, Sénégal",https://images.coinafrique.com/thumb_5127469_uploaded_image1_1736445621.jpg
Chemise homme,15000.0,"location_onFass, Dakar, Sénégal",https://images.coinafrique.com/thumb_5127408_uploaded_image1_1736443373.jpg
Lacoste homme,5000.0,"location_onDakar, Sénégal",https://images.coinafrique.com/thumb_5171118_uploaded_image1_1738755635.jpg
Ensemble Nike Tech Fleece,40000.0,"location_onGrand Dakar, Dakar, Sénégal",https://images.coinafrique.com/thumb_5168364_uploaded_image1_1738628825.jpg
Vetements homme,15000.0,"location_onFass, Dakar, Sénégal",https://images.coinafrique.com/thumb_5119513_uploaded_image1_1736026950.jpg
Chemises El-Hadji,18000.0,"location_onDakar Plateau, Dakar, Sénégal",https://images.coinafrique.com/thumb_5119265_uploaded_image1_1736012510.jpg
Chemise el hadji,10000.0,"location_onDakar Plateau, Dakar, Sénégal",https://images.coinafrique.com/thumb_5119693_uploaded_image1_1736044548.jpg
Ensemble blouson,20000.0,"location_onDakar, Sénégal",https://images.coinafrique.com/thumb_5166796_uploaded_image1_1738580809.jpg
Ensemble homme,17000.0,"location_onDakar Plateau, Dakar, Sénégal",https://images.coinafrique.com/thumb_5166739_uploaded_image1_1738579217.jpg
Ensemble homme,17000.0,"location_onDakar Plateau, Dakar, Sénégal",https://images.coinafrique.com/thumb_5166733_uploaded_image1_1738579033.jpg
Ensemble homme,32500.0,"location_onDakar Plateau, Dakar, Sénégal",https://images.coinafrique.com/thumb_5166726_uploaded_image1_1738578838.jpg
Vêtements homme,10000.0,"location_onGrand Yoff, Dakar, Sénégal",https://images.coinafrique.com/thumb_5165738_uploaded_image2_1738518505.jpeg
Pantalon,14000.0,"location_onColobane, Dakar, Sénégal",https://images.coinafrique.com/thumb_5165652_uploaded_image1_1738513597.jpg
Vêtements homme,7500.0,"location_onDakar, Sénégal",https://images.coinafrique.com/thumb_5165562_uploaded_image1_1738508823.jpg
Vêtements homme,7500.0,"location_onDakar, Sénégal",https://images.coinafrique.com/thumb_5165560_uploaded_image1_1738508708.jpg
Vêtements homme,7500.0,"location_onDakar, Sénégal",https://images.coinafrique.com/thumb_5165558_uploaded_image1_1738508550.jpg
Vêtements homme,7500.0,"location_onDakar, Sénégal",https://images.coinafrique.com/thumb_5165554_uploaded_image1_1738508381.jpg
Ensemble homme,20000.0,"location_onColobane, Dakar, Sénégal",https://images.coinafrique.com/thumb_5116407_uploaded_image1_1735847542.jpg
Ensemble 3 Pièces,30000.0,"location_onHLM, Dakar, Sénégal",https://images.coinafrique.com/thumb_5160811_uploaded_image1_1738241510.jpg
Jogging coton homme,7000.0,"location_onDakar, Sénégal",https://images.coinafrique.com/thumb_5159405_uploaded_image1_1738166663.jpg
Jogging coton bas large,7000.0,"location_onDakar, Sénégal",https://images.coinafrique.com/thumb_5159399_uploaded_image1_1738166591.jpg
Lot de caleçons,10000.0,"location_onSicap Liberté, Dakar, Sénégal",https://images.coinafrique.com/thumb_5156588_uploaded_image1_1738049517.jpg
Chemises homme en coton,10000.0,"location_onSicap Liberté, Dakar, Sénégal",https://images.coinafrique.com/thumb_5156585_uploaded_image1_1738049440.jpg
Jean Celio,10000.0,"location_onSicap Liberté, Dakar, Sénégal",https://images.coinafrique.com/thumb_5156025_uploaded_image1_1738009610.jpg
Ensemble homme,8000.0,"location_onDakar, Sénégal",https://images.coinafrique.com/thumb_5155643_uploaded_image1_1737994709.jpg
Vêtements homme,7500.0,"location_onKaolack, Sénégal",https://images.coinafrique.com/thumb_5155250_uploaded_image1_1737982432.jpg
Costume africain,40000.0,"location_onMbao, Dakar, Sénégal",https://images.coinafrique.com/thumb_5155092_uploaded_image2_1737976206.jpeg
Vêtements homme,13000.0,"location_onDakar Plateau, Dakar, Sénégal",https://images.coinafrique.com/thumb_5154164_uploaded_image1_1737913900.jpg
Vêtements homme,,"location_onDakar Plateau, Dakar, Sénégal",https://images.coinafrique.com/thumb_5154161_uploaded_image1_1737913840.jpg
Vêtements homme,,"location_onDakar Plateau, Dakar, Sénégal",https://images.coinafrique.com/thumb_5154157_uploaded_image2_1737913775.jpeg
Vêtements homme,,"location_onDakar Plateau, Dakar, Sénégal",https://images.coinafrique.com/thumb_5154154_uploaded_image1_1737913707.jpg
Vêtements homme,,"location_onDakar Plateau, Dakar, Sénégal",https://images.coinafrique.com/thumb_5154152_uploaded_image1_1737913645.jpg
Pulls,11000.0,"location_onGrand Yoff, Dakar, Sénégal",https://images.coinafrique.com/thumb_5149969_uploaded_image1_1737655503.jpg
T-shirt,8000.0,"location_onGrand Yoff, Dakar, Sénégal",https://images.coinafrique.com/thumb_5149957_uploaded_image1_1737655158.jpg
Dialabé homme,10000.0,"location_onDakar, Sénégal",https://images.coinafrique.com/thumb_5149891_uploaded_image1_1737653080.jpg
Djialabé,12000.0,"location_onPikine, Sénégal",https://images.coinafrique.com/thumb_5147857_uploaded_image1_1737561601.jpg
Djialap pour homme,10000.0,"location_onColobane, Dakar, Sénégal",https://images.coinafrique.com/thumb_5104607_uploaded_image1_1734974719.jpg
Djalaba pour homme,10000.0,"location_onColobane, Dakar, Sénégal",https://images.coinafrique.com/thumb_5105336_uploaded_image1_1735030845.jpg
Pull unique,8500.0,"location_onMedina, Dakar, Sénégal",https://images.coinafrique.com/thumb_5147705_uploaded_image1_1737556553.jpg
Pull unique,8500.0,"location_onMedina, Dakar, Sénégal",https://images.coinafrique.com/thumb_5147699_uploaded_image1_1737556424.jpg
Costume africain,30000.0,"location_onNgor, Dakar, Sénégal",https://images.coinafrique.com/thumb_5145144_uploaded_image1_1737451281.jpg
Ensembles blouson,10000.0,"location_onDieuppeul-Derklé, Dakar, Sénégal",https://images.coinafrique.com/thumb_5139741_uploaded_image1_1737118803.jpg
Custume africain,30000.0,"location_onHann Bel-Air, Dakar, Sénégal",https://images.coinafrique.com/thumb_5138792_uploaded_image1_1737058114.jpg
Vêtements homme,30000.0,"location_onGrand Yoff, Dakar, Sénégal",https://images.coinafrique.com/thumb_5137131_uploaded_image1_1736980238.jpg
Ensemble homme,15000.0,"location_onColobane, Dakar, Sénégal",https://images.coinafrique.com/thumb_5101945_uploaded_image1_1734782082.jpg
Ensemble sous-vêtements et caleçon,2000.0,"location_onColobane, Dakar, Sénégal",https://images.coinafrique.com/thumb_5133103_uploaded_image1_1736792637.jpg
Chemise homme,10000.0,"location_onParcelle Assainies, Dakar, Sénégal",https://images.coinafrique.com/thumb_5131485_uploaded_image1_1736700008.jpg
Vêtements homme,6000.0,"location_onGuediawaye, Dakar, Sénégal",https://images.coinafrique.com/thumb_5131126_uploaded_image1_1736678817.jpg
Bas large homme,7000.0,"location_onDakar, Sénégal",https://images.coinafrique.com/thumb_5131117_uploaded_image1_1736677702.jpg
Jalabe,25000.0,"location_onDakar Plateau, Dakar, Sénégal",https://images.coinafrique.com/thumb_5130694_uploaded_image1_1736629706.jpg
T-shirt,6000.0,"location_onColobane, Dakar, Sénégal",https://images.coinafrique.com/thumb_5130442_uploaded_image1_1736617115.jpg
Ensemble short et t-shirt,5000.0,"location_onKeur Massar, Sénégal",https://images.coinafrique.com/thumb_5129420_uploaded_image1_1736548677.jpg
Ensemble pull,10000.0,"location_onGuediawaye, Dakar, Sénégal",https://images.coinafrique.com/thumb_5129006_uploaded_image1_1736528645.jpg
Jalaba homme,15000.0,"location_onDakar, Sénégal",https://images.coinafrique.com/thumb_5126818_uploaded_image1_1736423423.jpg
Costumes homme,50000.0,"location_onGuediawaye, Dakar, Sénégal",https://images.coinafrique.com/thumb_5126225_uploaded_image1_1736384138.jpg
Jacket en cuir,14000.0,"location_onGrand Yoff, Dakar, Sénégal",https://images.coinafrique.com/thumb_5125921_uploaded_image1_1736368741.jpg
Lacoste homme,8000.0,"location_onAlmadies, Dakar, Sénégal",https://images.coinafrique.com/thumb_5125477_uploaded_image1_1736354339.jpg
Pull-over à capuche,8500.0,"location_onGuediawaye, Dakar, Sénégal",https://images.coinafrique.com/thumb_5124119_uploaded_image1_1736283986.jpg
Vêtements homme,,"location_onDakar, Sénégal",https://images.coinafrique.com/thumb_5123705_uploaded_image1_1736266670.jpg
Chaussures Adidas pantalon,9000.0,"location_onAlmadies, Dakar, Sénégal",https://images.coinafrique.com/thumb_5122595_uploaded_image1_1736216554.jpg
Tennis de sécurité,20000.0,"location_onParcelle Assainies, Dakar, Sénégal",https://images.coinafrique.com/thumb_5121972_uploaded_image1_1736187214.jpg
Tennis de travail,709373735.0,"location_onParcelle Assainies, Dakar, Sénégal",https://images.coinafrique.com/thumb_5121970_uploaded_image1_1736187110.jpg
Tennis de travail,15000.0,"location_onParcelle Assainies, Dakar, Sénégal",https://images.coinafrique.com/thumb_5121968_uploaded_image2_1736186951.jpeg
Vêtements,,"location_onDakar, Sénégal",https://images.coinafrique.com/thumb_5121681_uploaded_image1_1736175141.jpg
Ensemble Costume africain,35000.0,"location_onNgor, Dakar, Sénégal",https://images.coinafrique.com/thumb_5119898_uploaded_image1_1736069027.jpg
Ensemble africain,30000.0,"location_onNgor, Dakar, Sénégal",https://images.coinafrique.com/thumb_5119894_uploaded_image1_1736068886.jpg
Costume africain,35000.0,"location_onNgor, Dakar, Sénégal",https://images.coinafrique.com/thumb_5118948_uploaded_image1_1735994888.jpg
Costume africain,45000.0,"location_onAlmadies, Dakar, Sénégal",https://images.coinafrique.com/thumb_5118945_uploaded_image1_1735994636.jpg
Ensemble pull-over,15000.0,"location_onKeur Massar, Sénégal",https://images.coinafrique.com/thumb_5118036_uploaded_image1_1735932645.jpg
T-shirt personnalisé pour noël,5000.0,"location_onAlmadies, Dakar, Sénégal",https://images.coinafrique.com/thumb_5076364_uploaded_image1_1733345663.jpg
Jeans Cargo homme,8000.0,"location_onDamel, Dakar, Sénégal",https://images.coinafrique.com/thumb_5115022_uploaded_image1_1735766837.jpg
Pull Hiver,5000.0,"location_onGrand Yoff, Dakar, Sénégal",https://images.coinafrique.com/thumb_5114294_uploaded_image1_1735672479.jpg
Vêtements hommes,10000.0,"location_onAlmadies, Dakar, Sénégal",https://images.coinafrique.com/thumb_5113767_uploaded_image1_1735639791.jpg
Blouson homme,7500.0,"location_onParcelle Assainies, Dakar, Sénégal",https://images.coinafrique.com/thumb_5113572_uploaded_image1_1735625725.jpg
Pantalons homme,6500.0,"location_onPikine, Sénégal",https://images.coinafrique.com/thumb_5111696_uploaded_image1_1735494852.jpg
Ensemble chemise et pantalon,12000.0,"location_onPikine, Sénégal",https://images.coinafrique.com/thumb_5111688_uploaded_image1_1735494507.jpg
Costumes africains,,"location_onGuediawaye, Dakar, Sénégal",https://images.coinafrique.com/thumb_5110645_uploaded_image1_1735408325.jpg
survêtement gris homme,15000.0,"location_onAlmadies 2, Dakar, Sénégal",https://images.coinafrique.com/thumb_5110377_uploaded_image1_1735393334.jpg
Ensemble gris,15000.0,"location_onAlmadies 2, Dakar, Sénégal",https://images.coinafrique.com/thumb_5110368_uploaded_image1_1735392770.jpg
Ensemble survêtement bleu,15000.0,"location_onAlmadies 2, Dakar, Sénégal",https://images.coinafrique.com/thumb_5110343_uploaded_image1_1735391014.jpg
Ensemble survêtement bleu,15000.0,"location_onAlmadies 2, Dakar, Sénégal",https://images.coinafrique.com/thumb_5110311_uploaded_image1_1735389448.jpg
Ensemble chemise,15000.0,"location_onDakar, Sénégal",https://images.coinafrique.com/thumb_5109611_uploaded_image1_1735334339.jpg
Costum safari,50000.0,"location_onDakar, Sénégal",https://images.coinafrique.com/thumb_5108457_uploaded_image1_1735264866.jpg
Costume africain,35000.0,"location_onNgor, Dakar, Sénégal",https://images.coinafrique.com/thumb_5107282_uploaded_image1_1735178930.jpg
Costume africain,40000.0,"location_onNgor, Dakar, Sénégal",https://images.coinafrique.com/thumb_5107278_uploaded_image1_1735178241.jpg
Costume africain,40000.0,"location_onNgor, Dakar, Sénégal",https://images.coinafrique.com/thumb_5107273_uploaded_image1_1735177987.jpg
Vetements homme,15000.0,"location_onColobane, Dakar, Sénégal",https://images.coinafrique.com/thumb_5066572_uploaded_image1_1732835951.jpg
Pull homme,6000.0,"location_onGuediawaye, Dakar, Sénégal",https://images.coinafrique.com/thumb_5107087_uploaded_image2_1735155580.jpeg
Pull-over à capuche,8500.0,"location_onGuediawaye, Dakar, Sénégal",https://images.coinafrique.com/thumb_5107078_uploaded_image1_1735154997.jpg
Pulls over,7000.0,"location_onDakar, Sénégal",https://images.coinafrique.com/thumb_5106791_uploaded_image1_1735135673.jpg
Vetements homme,15000.0,"location_onFass, Dakar, Sénégal",https://images.coinafrique.com/thumb_5064576_uploaded_image1_1732729231.jpg
Vêtements homme,,"location_onFass, Dakar, Sénégal",https://images.coinafrique.com/thumb_5063976_uploaded_image1_1732703634.jpg
Pantalons kaki,7000.0,"location_onDakar Plateau, Dakar, Sénégal",https://images.coinafrique.com/thumb_5103711_uploaded_image1_1734928985.jpg
Chemises africaine pour homme,12000.0,"location_onGrand Yoff, Dakar, Sénégal",https://images.coinafrique.com/thumb_5102794_uploaded_image1_1734858570.jpg
Madras chemise,12000.0,"location_onColobane, Dakar, Sénégal",https://images.coinafrique.com/thumb_5059323_uploaded_image1_1732454589.jpg
Jellaba homme,11000.0,"location_onDakar, Sénégal",https://images.coinafrique.com/thumb_5102016_uploaded_image1_1734786693.jpg
12 gens calisson,15000.0,"location_onParcelle Assainies, Dakar, Sénégal",https://images.coinafrique.com/thumb_5101532_uploaded_image1_1734746874.jpg
Liquette bombos og,8900.0,"location_onParcelle Assainies, Dakar, Sénégal",https://images.coinafrique.com/thumb_5101531_uploaded_image1_1734746760.jpg
Ensemble pull,16900.0,"location_onParcelle Assainies, Dakar, Sénégal",https://images.coinafrique.com/thumb_5101530_uploaded_image1_1734746678.jpg
Pull capison coton,8900.0,"location_onParcelle Assainies, Dakar, Sénégal",https://images.coinafrique.com/thumb_5101529_uploaded_image1_1734746594.jpg
Ensemble pull  coton,16900.0,"location_onParcelle Assainies, Dakar, Sénégal",https://images.coinafrique.com/thumb_5101528_uploaded_image1_1734746493.jpg
Blouson en coton,8000.0,"location_onDakar, Sénégal",https://images.coinafrique.com/thumb_5100696_uploaded_image1_1734700994.jpg
Chemise homme,10000.0,"location_onFass, Dakar, Sénégal",https://images.coinafrique.com/thumb_5054605_uploaded_image1_1732183413.jpg
Chemise homme,8500.0,"location_onFass, Dakar, Sénégal",https://images.coinafrique.com/thumb_5054595_uploaded_image1_1732183262.jpg
Chemise  homme,9000.0,"location_onFass, Dakar, Sénégal",https://images.coinafrique.com/thumb_5054589_uploaded_image1_1732183096.jpg
Lacoste  coton,8500.0,"location_onFass, Dakar, Sénégal",https://images.coinafrique.com/thumb_5054125_uploaded_image1_1732145023.jpg
Chemise longues manches,10000.0,"location_onFass, Dakar, Sénégal",https://images.coinafrique.com/thumb_5053060_uploaded_image1_1732104559.jpg
Chemise homme,9000.0,"location_onFass, Dakar, Sénégal",https://images.coinafrique.com/thumb_5053062_uploaded_image1_1732104635.jpg
Ensemble,12500.0,"location_onDakar Plateau, Dakar, Sénégal",https://images.coinafrique.com/thumb_5095650_uploaded_image1_1734430886.jpg
Ensemble Lins,15000.0,"location_onDakar Plateau, Dakar, Sénégal",https://images.coinafrique.com/thumb_5095646_uploaded_image1_1734430818.jpg
Chemise EL hadji - Djallabe,10000.0,"location_onFass, Dakar, Sénégal",https://images.coinafrique.com/thumb_5052780_uploaded_image1_1732093902.jpg
Ensemble homme,25000.0,"location_onDakar Plateau, Dakar, Sénégal",https://images.coinafrique.com/thumb_5092914_uploaded_image1_1734276390.jpg
Ensemble homme,25000.0,"location_onDakar Plateau, Dakar, Sénégal",https://images.coinafrique.com/thumb_5092912_uploaded_image1_1734276304.jpg
Chemise homme,10000.0,"location_onMariste, Dakar, Sénégal",https://images.coinafrique.com/thumb_5092529_uploaded_image1_1734245850.jpg
Ensemble  blouson homme,13500.0,"location_onFass, Dakar, Sénégal",https://images.coinafrique.com/thumb_5048722_uploaded_image1_1731877991.jpg
Ensemble  femme,22500.0,"location_onFass, Dakar, Sénégal",https://images.coinafrique.com/thumb_5048700_uploaded_image1_1731877499.jpg
Pull longues manches,,"location_onPatte d'oie, Dakar, Sénégal",https://images.coinafrique.com/thumb_5091639_uploaded_image1_1734177011.jpg
Ensemble  homme,10000.0,"location_onFass, Dakar, Sénégal",https://images.coinafrique.com/thumb_5047569_uploaded_image1_1731788362.jpg
Vêtements homme,10000.0,"location_onFass, Dakar, Sénégal",https://images.coinafrique.com/thumb_5047553_uploaded_image1_1731787389.jpg
Blouson homme en coton,10000.0,"location_onDakar, Sénégal",https://images.coinafrique.com/thumb_5090756_uploaded_image1_1734113501.jpg
Chemise classe pour homme,10000.0,"location_onDamel, Dakar, Sénégal",https://images.coinafrique.com/thumb_5090255_uploaded_image1_1734092997.jpg
Jeans Carho homme,8000.0,"location_onDamel, Dakar, Sénégal",https://images.coinafrique.com/thumb_5090250_uploaded_image1_1734092879.jpg
Blouson homme,12000.0,"location_onColobane, Dakar, Sénégal",https://images.coinafrique.com/thumb_5046290_uploaded_image1_1731706762.jpg
Pull homme,500.0,"location_onColobane, Dakar, Sénégal",https://images.coinafrique.com/thumb_5087584_uploaded_image1_1733950687.jpg
Pull homme,500.0,"location_onColobane, Dakar, Sénégal",https://images.coinafrique.com/thumb_5087583_uploaded_image1_1733950636.jpg
Pull homme,500.0,"location_onColobane, Dakar, Sénégal",https://images.coinafrique.com/thumb_5087580_uploaded_image1_1733950551.jpg
Pull homme,500.0,"location_onColobane, Dakar, Sénégal",https://images.coinafrique.com/thumb_5087579_uploaded_image1_1733950492.jpg
Chemises homme,15000.0,"location_onDakar, Sénégal",https://images.coinafrique.com/thumb_5085454_uploaded_image1_1733847996.jpg
Chemises homme,15000.0,"location_onDakar, Sénégal",https://images.coinafrique.com/thumb_5085451_uploaded_image1_1733847919.jpg
Pantalon Blouson,,"location_onParcelle Assainies, Dakar, Sénégal",https://images.coinafrique.com/thumb_5042083_uploaded_image1_1731512018.58.jpeg
Pantalon Blouson,,"location_onParcelle Assainies, Dakar, Sénégal",https://images.coinafrique.com/thumb_5042023_uploaded_image1_1731511025.03.jpeg
Chemise Homme,,"location_onParcelle Assainies, Dakar, Sénégal",https://images.coinafrique.com/thumb_5060984_uploaded_image1_1732548890.59.jpeg
Chemise homme,,"location_onParcelle Assainies, Dakar, Sénégal",https://images.coinafrique.com/thumb_5060988_uploaded_image1_1732548980.25.jpeg
Costume Homme,,"location_onParcelle Assainies, Dakar, Sénégal",https://images.coinafrique.com/thumb_5042013_uploaded_image1_1731510770.07.jpeg
Costume Homme,,"location_onParcelle Assainies, Dakar, Sénégal",https://images.coinafrique.com/thumb_5042015_uploaded_image1_1731510832.16.jpeg
Costume Homme,75000.0,"location_onParcelle Assainies, Dakar, Sénégal",https://images.coinafrique.com/thumb_5042008_uploaded_image1_1731510699.91.jpeg
Pantalon Blouson,,"location_onParcelle Assainies, Dakar, Sénégal",https://images.coinafrique.com/thumb_5042017_uploaded_image1_1731510886.69.jpeg
Pantalon Blouson,,"location_onParcelle Assainies, Dakar, Sénégal",https://images.coinafrique.com/thumb_5042020_uploaded_image1_1731510968.09.jpeg
Costume Homme,,"location_onParcelle Assainies, Dakar, Sénégal",https://images.coinafrique.com/thumb_5042004_uploaded_image1_1731510576.28.jpeg
Costume Homme,,"location_onParcelle Assainies, Dakar, Sénégal",https://images.coinafrique.com/thumb_5042005_uploaded_image1_1731510642.03.jpeg
Costume,,"location_onParcelle Assainies, Dakar, Sénégal",https://images.coinafrique.com/thumb_5042000_uploaded_image1_1731510514.82.jpeg
Costume,,"location_onParcelle Assainies, Dakar, Sénégal",https://images.coinafrique.com/thumb_5041995_uploaded_image1_1731510421.67.jpeg
chemise carreaux,8000.0,"location_onDamel, Dakar, Sénégal",https://images.coinafrique.com/thumb_5085151_uploaded_image1_1733837545.jpg
Pull en jeans,14000.0,"location_onDamel, Dakar, Sénégal",https://images.coinafrique.com/thumb_5084952_uploaded_image1_1733831208.jpg
Pull à col roulé,6000.0,"location_onGuediawaye, Dakar, Sénégal",https://images.coinafrique.com/thumb_5084245_uploaded_image1_1733791143.jpg
Vétement homme,10000.0,"location_onFass, Dakar, Sénégal",https://images.coinafrique.com/thumb_5040487_uploaded_image1_1731432680.jpg
Pull homme,10000.0,"location_onFass, Dakar, Sénégal",https://images.coinafrique.com/thumb_5040404_uploaded_image1_1731430024.jpg
Pantalon cargo,9000.0,"location_onSicap Liberté, Dakar, Sénégal",https://images.coinafrique.com/thumb_5083540_uploaded_image1_1733754885.jpg
Pullovers capuchons bombeuz,7000.0,"location_onMermoz-Sacré Coeur, Dakar, Sénégal",https://images.coinafrique.com/thumb_5083171_uploaded_image1_1733740914.jpg
Pull Unisexe,7000.0,"location_onDakar, Sénégal",https://images.coinafrique.com/thumb_5082461_uploaded_image1_1733691771.jpg
Tenue africain,25000.0,"location_onKeur Massar, Sénégal",https://images.coinafrique.com/thumb_5082376_uploaded_image1_1733687615.jpg
T-shirts homme,6000.0,"location_onFass, Dakar, Sénégal",https://images.coinafrique.com/thumb_5038258_uploaded_image1_1731333237.jpg
Ensemble costumes turquie,45000.0,"location_onDakar, Sénégal",https://images.coinafrique.com/thumb_5081966_uploaded_image1_1733664487.jpg
chemise carreaux,9000.0,"location_onParcelle Assainies, Dakar, Sénégal",https://images.coinafrique.com/thumb_5081925_uploaded_image1_1733662275.jpg
collant pull a col rouler homme,5000.0,"location_onParcelle Assainies, Dakar, Sénégal",https://images.coinafrique.com/thumb_5080853_uploaded_image1_1733578155.jpg
Pantalons kaki,6000.0,"location_onDakar, Sénégal",https://images.coinafrique.com/thumb_5080317_uploaded_image1_1733537098.jpg
Slip  pour homme,1100.0,"location_onFass, Dakar, Sénégal",https://images.coinafrique.com/thumb_5035627_uploaded_image1_1731171841.jpg
Ensemble homme,15000.0,"location_onDakar, Sénégal",https://images.coinafrique.com/thumb_5079611_uploaded_image1_1733501013.jpg
vêtements homme,7500.0,"location_onFass, Dakar, Sénégal",https://images.coinafrique.com/thumb_5034681_uploaded_image1_1731106425.jpg
vêtements homme,15000.0,"location_onFass, Dakar, Sénégal",https://images.coinafrique.com/thumb_5034670_uploaded_image1_1731105582.jpg
Djellaba lourde,18000.0,"location_onDakar Plateau, Dakar, Sénégal",https://images.coinafrique.com/thumb_5077966_uploaded_image1_1733420326.jpg
Gabardine rayure sans pantalon,12000.0,"location_onDakar Plateau, Dakar, Sénégal",https://images.coinafrique.com/thumb_5077927_uploaded_image1_1733419213.jpg
Costume africain,40000.0,"location_onNgor, Dakar, Sénégal",https://images.coinafrique.com/thumb_5075605_uploaded_image1_1733316337.jpg
Pull cotton,4000.0,"location_onColobane, Dakar, Sénégal",https://images.coinafrique.com/thumb_5028884_uploaded_image1_1730844568.jpg
Ensemble homme,8000.0,"location_onColobane, Dakar, Sénégal",https://images.coinafrique.com/thumb_5028887_uploaded_image1_1730844645.jpg
Ensemble homme,10000.0,"location_onGuediawaye, Dakar, Sénégal",https://images.coinafrique.com/thumb_5072370_uploaded_image1_1733172703.jpg
Blouson Unisexe,10000.0,"location_onDakar Plateau, Dakar, Sénégal",https://images.coinafrique.com/thumb_5071960_uploaded_image1_1733157846.jpg
Dialabé  pour homme,10000.0,"location_onDakar, Sénégal",https://images.coinafrique.com/thumb_5068154_uploaded_image1_1732922296.jpg
Lecket Jeans,12000.0,"location_onDakar, Sénégal",https://images.coinafrique.com/thumb_5066142_uploaded_image1_1732812604.jpg
Vestments  homme,10000.0,"location_onColobane, Dakar, Sénégal",https://images.coinafrique.com/thumb_5021532_uploaded_image1_1730468069.jpg
pull collant unique colle rouler,5000.0,"location_onDamel, Dakar, Sénégal",https://images.coinafrique.com/thumb_5064136_uploaded_image1_1732709317.jpg
T-shirt coton,4000.0,"location_onDamel, Dakar, Sénégal",https://images.coinafrique.com/thumb_5064122_uploaded_image1_1732708928.jpg
Ensemble homme,20000.0,"location_onDakar, Sénégal",https://images.coinafrique.com/thumb_5062891_uploaded_image1_1732640129.jpg
Vetement homme  L XL XXL,12000.0,"location_onColobane, Dakar, Sénégal",https://images.coinafrique.com/thumb_5017673_uploaded_image1_1730277083.jpg
Vètments homme turquie,8000.0,"location_onColobane, Dakar, Sénégal",https://images.coinafrique.com/thumb_5017669_uploaded_image1_1730276939.jpg
Blouson homme turquie,12000.0,"location_onColobane, Dakar, Sénégal",https://images.coinafrique.com/thumb_5017658_uploaded_image1_1730276517.jpg
Vètments Homme turquie,12000.0,"location_onColobane, Dakar, Sénégal",https://images.coinafrique.com/thumb_5017674_uploaded_image1_1730277173.jpg
Ensemble homme turquie,12000.0,"location_onColobane, Dakar, Sénégal",https://images.coinafrique.com/thumb_5017680_uploaded_image1_1730277354.jpg
Vetement cuir unisex,15000.0,"location_onColobane, Dakar, Sénégal",https://images.coinafrique.com/thumb_5017651_uploaded_image1_1730276328.jpg
Ensemble homme turquie,12000.0,"location_onColobane, Dakar, Sénégal",https://images.coinafrique.com/thumb_5017649_uploaded_image1_1730276172.jpg
Ensemble homme turquie unique,12000.0,"location_onColobane, Dakar, Sénégal",https://images.coinafrique.com/thumb_5017643_uploaded_image1_1730276074.jpg
T-shirts,7000.0,"location_onGrand Dakar, Dakar, Sénégal",https://images.coinafrique.com/thumb_5060047_uploaded_image1_1732494172.jpg
T-shirts,7000.0,"location_onGrand Dakar, Dakar, Sénégal",https://images.coinafrique.com/thumb_5060043_uploaded_image2_1732493842.jpeg
Polo Lacoste,10000.0,"location_onSicap Liberté, Dakar, Sénégal",https://images.coinafrique.com/thumb_5059345_uploaded_image1_1732456648.jpg
Veste jules,15000.0,"location_onNgor, Dakar, Sénégal",https://images.coinafrique.com/thumb_5017930_uploaded_image1_1730288595.jpg
Chemise homme,,"location_onGrand Yoff, Dakar, Sénégal",https://images.coinafrique.com/thumb_5056118_uploaded_image1_1732266346.jpg
Ensemble Nike 2024,40000.0,"location_onGrand Dakar, Dakar, Sénégal",https://images.coinafrique.com/thumb_5055867_uploaded_image1_1732245108.jpg
Ensemble homme,50000.0,"location_onGrand Dakar, Dakar, Sénégal",https://images.coinafrique.com/thumb_5055866_uploaded_image1_1732245045.jpg
Pull-over jacket,25000.0,"location_onGrand Dakar, Dakar, Sénégal",https://images.coinafrique.com/thumb_5055865_uploaded_image1_1732244969.jpg
Ensemble homme,,"location_onGrand Yoff, Dakar, Sénégal",https://images.coinafrique.com/thumb_5055538_uploaded_image1_1732222164.jpg
Dialabé homme,,"location_onHLM, Dakar, Sénégal",https://images.coinafrique.com/thumb_5012319_uploaded_image1_1729947562.jpg
Ensemble homme,,"location_onHLM, Dakar, Sénégal",https://images.coinafrique.com/thumb_5007455_uploaded_image1_1729679311.jpg
Ensemble homme,,"location_onHLM, Dakar, Sénégal",https://images.coinafrique.com/thumb_5007453_uploaded_image1_1729679269.jpg
Blouson,,"location_onHLM, Dakar, Sénégal",https://images.coinafrique.com/thumb_5025750_uploaded_image1_1730714696.jpg
Pantalon homme,,"location_onHLM, Dakar, Sénégal",https://images.coinafrique.com/thumb_5005656_uploaded_image1_1729592761.jpg
pull,,"location_onHLM, Dakar, Sénégal",https://images.coinafrique.com/thumb_5028858_uploaded_image1_1730843206.jpg
pull,,"location_onHLM, Dakar, Sénégal",https://images.coinafrique.com/thumb_5028857_uploaded_image1_1730843166.jpg
Capuche,,"location_onHLM, Dakar, Sénégal",https://images.coinafrique.com/thumb_5028856_uploaded_image1_1730843121.jpg
ensemble homme,,"location_onHLM, Dakar, Sénégal",https://images.coinafrique.com/thumb_5028853_uploaded_image1_1730843021.jpg
Ensemble Lacoste,,"location_onHLM, Dakar, Sénégal",https://images.coinafrique.com/thumb_5028851_uploaded_image1_1730842982.jpg
ensemble homme,,"location_onHLM, Dakar, Sénégal",https://images.coinafrique.com/thumb_5028849_uploaded_image1_1730842943.jpg
Pantalons homme,9000.0,"location_onGrand Yoff, Dakar, Sénégal",https://images.coinafrique.com/thumb_5046295_uploaded_image1_1731706849.jpg
Ensemble Lacoste + Kaki,14000.0,"location_onDakar, Sénégal",https://images.coinafrique.com/thumb_5046243_uploaded_image1_1731704884.jpg
Jacket en jeans,12000.0,"location_onDakar, Sénégal",https://images.coinafrique.com/thumb_5046241_uploaded_image1_1731704736.jpg
Abaya homme,10000.0,"location_onParcelle Assainies, Dakar, Sénégal",https://images.coinafrique.com/thumb_4995725_uploaded_image1_1729028892.jpg
Ensemble Nike tech,40000.0,"location_onGrand Dakar, Dakar, Sénégal",https://images.coinafrique.com/thumb_5032793_uploaded_image1_1731030761.jpg
T-shirt,2000.0,"location_onHLM, Dakar, Sénégal",https://images.coinafrique.com/thumb_5029024_uploaded_image1_1730854647.jpg
Ensemble Luis Vuitton,,"location_onColobane, Dakar, Sénégal",https://images.coinafrique.com/thumb_5028589_uploaded_image1_1730831295.jpg
T-shirt,5000.0,"location_onOuakam, Dakar, Sénégal",https://images.coinafrique.com/thumb_5025627_uploaded_image1_1730710793.jpg
Vêtements mixte,,"location_onDakar, Sénégal",https://images.coinafrique.com/thumb_5024561_uploaded_image1_1730640307.jpg
Vêtements homme,10000.0,"location_onDakar, Sénégal",https://images.coinafrique.com/thumb_5023466_uploaded_image1_1730561147.jpg
T-shirts  kàddu dund,4500.0,"location_onDakar, Sénégal",https://images.coinafrique.com/thumb_5022929_uploaded_image1_1730540191.jpg
Ensemble lin homme,15000.0,"location_onGuediawaye, Dakar, Sénégal",https://images.coinafrique.com/thumb_5021535_uploaded_image1_1730468104.jpg
Ensemble homme,15000.0,"location_onGuediawaye, Dakar, Sénégal",https://images.coinafrique.com/thumb_5021529_uploaded_image1_1730467933.jpg
Ensemble blousons Nike teck,28000.0,"location_onDieuppeul-Derklé, Dakar, Sénégal",https://images.coinafrique.com/thumb_5020704_uploaded_image1_1730422547.jpg
Patalon,7000.0,"location_onDakar, Sénégal",https://images.coinafrique.com/thumb_5019694_uploaded_image1_1730382950.jpg
Sort cotton,3500.0,"location_onColobane, Dakar, Sénégal",https://images.coinafrique.com/thumb_4976520_uploaded_image1_1728030825.jpg
T. Shirt perforè,5000.0,"location_onColobane, Dakar, Sénégal",https://images.coinafrique.com/thumb_4976517_uploaded_image1_1728030673.jpg
Gilet sans manches,5000.0,"location_onKeur Massar, Sénégal",https://images.coinafrique.com/thumb_5013631_uploaded_image1_1730051834.jpg
Ensemble homme,,"location_onAlmadies, Dakar, Sénégal",https://images.coinafrique.com/thumb_5012650_uploaded_image1_1729966550.jpg
Liquette,15000.0,"location_onColobane, Dakar, Sénégal",https://images.coinafrique.com/thumb_4967156_uploaded_image1_1727620453.jpg
Ensemble kaki Lacoste et kaki,15000.0,"location_onMamelles, Dakar, Sénégal",https://images.coinafrique.com/thumb_4961802_uploaded_image1_1727281230.jpg
T-shirt,5000.0,"location_onColobane, Dakar, Sénégal",https://images.coinafrique.com/thumb_4961445_uploaded_image1_1727269041.jpg
Casquette homme,4000.0,"location_onColobane, Dakar, Sénégal",https://images.coinafrique.com/thumb_4961432_uploaded_image1_1727268622.jpg
T-shirt homme,7000.0,"location_onColobane, Dakar, Sénégal",https://images.coinafrique.com/thumb_4961438_uploaded_image1_1727268883.jpg
Ensemble homme,12000.0,"location_onColobane, Dakar, Sénégal",https://images.coinafrique.com/thumb_4961420_uploaded_image1_1727268297.jpg
Ensemble homme turquie,12000.0,"location_onColobane, Dakar, Sénégal",https://images.coinafrique.com/thumb_4961416_uploaded_image1_1727268241.jpg
Ensemble homme adulte a 15ans,7000.0,"location_onColobane, Dakar, Sénégal",https://images.coinafrique.com/thumb_4961371_uploaded_image1_1727266653.jpg
Polo Lacoste pour enfant,4000.0,"location_onColobane, Dakar, Sénégal",https://images.coinafrique.com/thumb_4961359_uploaded_image1_1727266345.jpg
Pantalon,5000.0,"location_onColobane, Dakar, Sénégal",https://images.coinafrique.com/thumb_4961329_uploaded_image1_1727265707.jpg
Ensemble homme,5000.0,"location_onColobane, Dakar, Sénégal",https://images.coinafrique.com/thumb_4961339_uploaded_image1_1727265839.jpg
Ensemble homme,5000.0,"location_onColobane, Dakar, Sénégal",https://images.coinafrique.com/thumb_4961354_uploaded_image1_1727266098.jpg
Ensemble homme,5500.0,"location_onColobane, Dakar, Sénégal",https://images.coinafrique.com/thumb_4961347_uploaded_image1_1727266023.jpg
Pantalon,4000.0,"location_onColobane, Dakar, Sénégal",https://images.coinafrique.com/thumb_4961324_uploaded_image1_1727265600.jpg
T-shirts,2000.0,"location_onKeur Massar, Sénégal",https://images.coinafrique.com/thumb_5005072_uploaded_image1_1729552152.jpg
Pantalons homme,7000.0,"location_onDakar, Sénégal",https://images.coinafrique.com/thumb_4960439_uploaded_image1_1727215770.jpg
Vêtements homme,5000.0,"location_onDakar, Sénégal",https://images.coinafrique.com/thumb_4960438_uploaded_image1_1727215689.jpg
T-shirts en coton,5000.0,"location_onThies, Sénégal",https://images.coinafrique.com/thumb_4960433_uploaded_image1_1727215491.jpg
Ensemble pour homme,,"location_onGuediawaye, Dakar, Sénégal",https://images.coinafrique.com/thumb_4997731_uploaded_image1_1729118095.jpg
Ensemble Kaki Lacoste,,"location_onGuediawaye, Dakar, Sénégal",https://images.coinafrique.com/thumb_4997728_uploaded_image1_1729117994.jpg
Ensemble Adidas,35000.0,"location_onGrand Dakar, Dakar, Sénégal",https://images.coinafrique.com/thumb_4997542_uploaded_image2_1729108754.jpeg
Vêtements homme,7000.0,"location_onFass, Dakar, Sénégal",https://images.coinafrique.com/thumb_4994460_uploaded_image1_1728984578.jpg
Ensemble homme,,"location_onDakar, Sénégal",https://images.coinafrique.com/thumb_4991870_uploaded_image1_1728850097.jpg
Ensemble jogging homme,,"location_onGuediawaye, Dakar, Sénégal",https://images.coinafrique.com/thumb_4990863_uploaded_image1_1728778002.jpg
Ensemble jogging homme,,"location_onGuediawaye, Dakar, Sénégal",https://images.coinafrique.com/thumb_4990862_uploaded_image1_1728777940.jpg
Abaya marocaine,7500.0,"location_onDakar Plateau, Dakar, Sénégal",https://images.coinafrique.com/thumb_4987957_uploaded_image1_1728624109.jpg
Complet homme,13000.0,"location_onDakar, Sénégal",https://images.coinafrique.com/thumb_4987767_uploaded_image1_1728602707.jpg
Ensemble d'art,5000.0,"location_onThies, Sénégal",https://images.coinafrique.com/thumb_4985177_uploaded_image1_1728490366.jpg
Ensemble homme,5000.0,"location_onThies, Sénégal",https://images.coinafrique.com/thumb_4985171_uploaded_image1_1728490161.jpg
T-shirts,15000.0,"location_onGrand Dakar, Dakar, Sénégal",https://images.coinafrique.com/thumb_4983392_uploaded_image1_1728406853.jpg
Vestes d'hiver imperméables en nylon,14000.0,"location_onPatte d'oie, Dakar, Sénégal",https://images.coinafrique.com/thumb_4981707_uploaded_image1_1728330503.jpg
Pantalon jonguine,7000.0,"location_onKeur Massar, Sénégal",https://images.coinafrique.com/thumb_4980672_uploaded_image1_1728290459.jpg
Pantalon kaki,8000.0,"location_onMamelles, Dakar, Sénégal",https://images.coinafrique.com/thumb_4934910_uploaded_image1_1725870178.jpg
Jeans  kaki,8000.0,"location_onMamelles, Dakar, Sénégal",https://images.coinafrique.com/thumb_4934887_uploaded_image1_1725869296.jpg
Joggings coton,8000.0,"location_onMamelles, Dakar, Sénégal",https://images.coinafrique.com/thumb_4934896_uploaded_image1_1725869447.jpg
Lacoste coton,7000.0,"location_onMamelles, Dakar, Sénégal",https://images.coinafrique.com/thumb_4930373_uploaded_image1_1725578305.jpg
T-shirts,5000.0,"location_onDakar, Sénégal",https://images.coinafrique.com/thumb_4973499_uploaded_image1_1727897366.jpg
Abaya homme,,"location_onDakar Plateau, Dakar, Sénégal",https://images.coinafrique.com/thumb_4932581_uploaded_image2_1725710913.jpeg
Ensemble caleçon et sous vêtements,3000.0,"location_onColobane, Dakar, Sénégal",https://images.coinafrique.com/thumb_4927319_uploaded_image1_1725459480.jpg
Ensemble chemise et pantalon homme,20000.0,"location_onRufisque, Sénégal",https://images.coinafrique.com/thumb_4970315_uploaded_image1_1727783793.jpg
Short,4000.0,"location_onColobane, Dakar, Sénégal",https://images.coinafrique.com/thumb_4925578_uploaded_image1_1725384528.jpg
chemise lin,8000.0,"location_onGuediawaye, Dakar, Sénégal",https://images.coinafrique.com/thumb_4968714_uploaded_image1_1727707756.jpg
Costumes et tenues africaines,35000.0,"location_onDieuppeul-Derklé, Dakar, Sénégal",https://images.coinafrique.com/thumb_4968391_uploaded_image1_1727697449.jpg
kimono homme,10000.0,"location_onGuediawaye, Dakar, Sénégal",https://images.coinafrique.com/thumb_4968329_uploaded_image1_1727695624.jpg
Ensemble Short homme,7000.0,"location_onDakar, Sénégal",https://images.coinafrique.com/thumb_4963797_uploaded_image1_1727380057.jpg
Pantalon Jogging,7000.0,"location_onMedina, Dakar, Sénégal",https://images.coinafrique.com/thumb_4963767_uploaded_image1_1727377903.jpg
Pantalon Jogging,7000.0,"location_onMedina, Dakar, Sénégal",https://images.coinafrique.com/thumb_4963765_uploaded_image1_1727377824.jpg
Lot de 4 t-shirts,10000.0,"location_onDakar, Sénégal",https://images.coinafrique.com/thumb_4961750_uploaded_image1_1727279379.jpg
Vêtements homme,30000.0,"location_onMermoz-Sacré Coeur, Dakar, Sénégal",https://images.coinafrique.com/thumb_4960122_uploaded_image1_1727202601.jpg
Vêtements homme,30000.0,"location_onMermoz-Sacré Coeur, Dakar, Sénégal",https://images.coinafrique.com/thumb_4960116_uploaded_image1_1727202422.jpg
Vêtements homme,,"location_onYoff, Dakar, Sénégal",https://images.coinafrique.com/thumb_4954564_uploaded_image1_1726904707.jpg
Vêtements homme,18500.0,"location_onHann Bel-Air, Dakar, Sénégal",https://images.coinafrique.com/thumb_4954449_uploaded_image1_1726886933.jpg
Ensemble homme,45000.0,"location_onGrand Dakar, Dakar, Sénégal",https://images.coinafrique.com/thumb_4953901_uploaded_image1_1726853607.jpg
Djellaba,10000.0,"location_onDakar Plateau, Dakar, Sénégal",https://images.coinafrique.com/thumb_4953671_uploaded_image1_1726842317.jpg
Vêtements homme,10000.0,"location_onDakar, Sénégal",https://images.coinafrique.com/thumb_4953322_uploaded_image1_1726828595.jpg
Caleçons,13000.0,"location_onOuest Foire, Dakar, Sénégal",https://images.coinafrique.com/thumb_4951039_uploaded_image1_1726716809.jpg
Tunique homme,18500.0,"location_onDakar, Sénégal",https://images.coinafrique.com/thumb_4949115_uploaded_image1_1726606774.jpg
Ensemble  homme,13000.0,"location_onDakar Plateau, Dakar, Sénégal",https://images.coinafrique.com/thumb_4935741_uploaded_image1_1725901365.jpg
Ensemble  homme,13000.0,"location_onDakar Plateau, Dakar, Sénégal",https://images.coinafrique.com/thumb_4935746_uploaded_image1_1725901530.jpg
Ensemble homme,13000.0,"location_onDakar Plateau, Dakar, Sénégal",https://images.coinafrique.com/thumb_4935734_uploaded_image1_1725901081.jpg
Ensemble homme,13000.0,"location_onDakar Plateau, Dakar, Sénégal",https://images.coinafrique.com/thumb_4935732_uploaded_image1_1725901036.jpg
Pantalon Kaki,8000.0,"location_onDakar Plateau, Dakar, Sénégal",https://images.coinafrique.com/thumb_4935721_uploaded_image1_1725900754.jpg
Pour homme,,"location_onDakar Plateau, Dakar, Sénégal",https://images.coinafrique.com/thumb_4935723_uploaded_image1_1725900821.jpg
Ensemble homme,13000.0,"location_onDakar Plateau, Dakar, Sénégal",https://images.coinafrique.com/thumb_4935718_uploaded_image1_1725900693.jpg
Polo Lacoste,6500.0,"location_onDakar Plateau, Dakar, Sénégal",https://images.coinafrique.com/thumb_4935729_uploaded_image1_1725900923.jpg
Polo Lacoste,6500.0,"location_onDakar Plateau, Dakar, Sénégal",https://images.coinafrique.com/thumb_4935708_uploaded_image1_1725900452.jpg
Chemise homme,6500.0,"location_onDakar Plateau, Dakar, Sénégal",https://images.coinafrique.com/thumb_4909550_uploaded_image1_1724513302.jpg
Getzner Super Manium gold,12000.0,"location_onDakar Plateau, Dakar, Sénégal",https://images.coinafrique.com/thumb_4942743_uploaded_image1_1726229198.jpg
T-shirt coton,5000.0,"location_onDakar Plateau, Dakar, Sénégal",https://images.coinafrique.com/thumb_4942741_uploaded_image1_1726229155.jpg
Ensemble  homme,13000.0,"location_onDakar Plateau, Dakar, Sénégal",https://images.coinafrique.com/thumb_4942716_uploaded_image1_1726228729.jpg
Ensemble  homme,160000.0,"location_onDakar Plateau, Dakar, Sénégal",https://images.coinafrique.com/thumb_4942704_uploaded_image1_1726228583.jpg
T-shirt coton,6500.0,"location_onDakar Plateau, Dakar, Sénégal",https://images.coinafrique.com/thumb_4942724_uploaded_image1_1726228813.jpg
Ensemble homme,13000.0,"location_onDakar Plateau, Dakar, Sénégal",https://images.coinafrique.com/thumb_4942710_uploaded_image1_1726228614.jpg
Culotte,6000.0,"location_onDakar Plateau, Dakar, Sénégal",https://images.coinafrique.com/thumb_4942725_uploaded_image1_1726228846.jpg
Chemise homme,6000.0,"location_onDakar Plateau, Dakar, Sénégal",https://images.coinafrique.com/thumb_4942713_uploaded_image1_1726228693.jpg
Jean homme,7000.0,"location_onDakar Plateau, Dakar, Sénégal",https://images.coinafrique.com/thumb_4942729_uploaded_image1_1726228909.jpg
Ensemble  homme,13000.0,"location_onDakar Plateau, Dakar, Sénégal",https://images.coinafrique.com/thumb_4902275_uploaded_image1_1724109867.jpg
Ensemble  homme,13000.0,"location_onDakar Plateau, Dakar, Sénégal",https://images.coinafrique.com/thumb_4902277_uploaded_image1_1724109919.jpg
Ensemble femme,13000.0,"location_onDakar Plateau, Dakar, Sénégal",https://images.coinafrique.com/thumb_4902271_uploaded_image1_1724109778.jpg
Ensemble homme,,"location_onDakar Plateau, Dakar, Sénégal",https://images.coinafrique.com/thumb_4902268_uploaded_image1_1724109660.jpg
Ensemble  homme,13000.0,"location_onDakar Plateau, Dakar, Sénégal",https://images.coinafrique.com/thumb_4899578_uploaded_image1_1723936185.jpg
Jean homme,7000.0,"location_onDakar Plateau, Dakar, Sénégal",https://images.coinafrique.com/thumb_4899575_uploaded_image1_1723936087.jpg
T-shirt coton,3500.0,"location_onDakar Plateau, Dakar, Sénégal",https://images.coinafrique.com/thumb_4899572_uploaded_image1_1723935970.jpg
Ensemble  homme,13000.0,"location_onDakar Plateau, Dakar, Sénégal",https://images.coinafrique.com/thumb_4924205_uploaded_image1_1725320196.jpg
Vetement homme,,"location_onDakar Plateau, Dakar, Sénégal",https://images.coinafrique.com/thumb_4919075_uploaded_image1_1725059650.jpg
Chemise homme,6000.0,"location_onDakar Plateau, Dakar, Sénégal",https://images.coinafrique.com/thumb_4924193_uploaded_image1_1725319996.jpg
T-shirt coton,4500.0,"location_onDakar Plateau, Dakar, Sénégal",https://images.coinafrique.com/thumb_4919071_uploaded_image1_1725059510.jpg
